<ImportExportXml version="9.2.22072.174" SolutionPackageVersion="9.2" languagecode="1041" generatedBy="CrmLive" xmlns:xsi="http://www.w3.org/2001/XMLSchema-instance">
  <SolutionManifest>
    <UniqueName>Iwamori</UniqueName>
    <LocalizedNames>
      <LocalizedName description="Iwamori" languagecode="1041" />
    </LocalizedNames>
    <Descriptions />
    <Version>1.0.0.0</Version>
    <Managed>0</Managed>
    <Publisher>
      <UniqueName>YA</UniqueName>
      <LocalizedNames>
        <LocalizedName description="YA" languagecode="1041" />
      </LocalizedNames>
      <Descriptions />
      <EMailAddress xsi:nil="true"></EMailAddress>
      <SupportingWebsiteUrl xsi:nil="true"></SupportingWebsiteUrl>
      <CustomizationPrefix>ya</CustomizationPrefix>
      <CustomizationOptionValuePrefix>12824</CustomizationOptionValuePrefix>
      <Addresses>
        <Address>
          <AddressNumber>1</AddressNumber>
          <AddressTypeCode>1</AddressTypeCode>
          <City xsi:nil="true"></City>
          <County xsi:nil="true"></County>
          <Country xsi:nil="true"></Country>
          <Fax xsi:nil="true"></Fax>
          <FreightTermsCode xsi:nil="true"></FreightTermsCode>
          <ImportSequenceNumber xsi:nil="true"></ImportSequenceNumber>
          <Latitude xsi:nil="true"></Latitude>
          <Line1 xsi:nil="true"></Line1>
          <Line2 xsi:nil="true"></Line2>
          <Line3 xsi:nil="true"></Line3>
          <Longitude xsi:nil="true"></Longitude>
          <Name xsi:nil="true"></Name>
          <PostalCode xsi:nil="true"></PostalCode>
          <PostOfficeBox xsi:nil="true"></PostOfficeBox>
          <PrimaryContactName xsi:nil="true"></PrimaryContactName>
          <ShippingMethodCode>1</ShippingMethodCode>
          <StateOrProvince xsi:nil="true"></StateOrProvince>
          <Telephone1 xsi:nil="true"></Telephone1>
          <Telephone2 xsi:nil="true"></Telephone2>
          <Telephone3 xsi:nil="true"></Telephone3>
          <TimeZoneRuleVersionNumber xsi:nil="true"></TimeZoneRuleVersionNumber>
          <UPSZone xsi:nil="true"></UPSZone>
          <UTCOffset xsi:nil="true"></UTCOffset>
          <UTCConversionTimeZoneCode xsi:nil="true"></UTCConversionTimeZoneCode>
        </Address>
        <Address>
          <AddressNumber>2</AddressNumber>
          <AddressTypeCode>1</AddressTypeCode>
          <City xsi:nil="true"></City>
          <County xsi:nil="true"></County>
          <Country xsi:nil="true"></Country>
          <Fax xsi:nil="true"></Fax>
          <FreightTermsCode xsi:nil="true"></FreightTermsCode>
          <ImportSequenceNumber xsi:nil="true"></ImportSequenceNumber>
          <Latitude xsi:nil="true"></Latitude>
          <Line1 xsi:nil="true"></Line1>
          <Line2 xsi:nil="true"></Line2>
          <Line3 xsi:nil="true"></Line3>
          <Longitude xsi:nil="true"></Longitude>
          <Name xsi:nil="true"></Name>
          <PostalCode xsi:nil="true"></PostalCode>
          <PostOfficeBox xsi:nil="true"></PostOfficeBox>
          <PrimaryContactName xsi:nil="true"></PrimaryContactName>
          <ShippingMethodCode>1</ShippingMethodCode>
          <StateOrProvince xsi:nil="true"></StateOrProvince>
          <Telephone1 xsi:nil="true"></Telephone1>
          <Telephone2 xsi:nil="true"></Telephone2>
          <Telephone3 xsi:nil="true"></Telephone3>
          <TimeZoneRuleVersionNumber xsi:nil="true"></TimeZoneRuleVersionNumber>
          <UPSZone xsi:nil="true"></UPSZone>
          <UTCOffset xsi:nil="true"></UTCOffset>
          <UTCConversionTimeZoneCode xsi:nil="true"></UTCConversionTimeZoneCode>
        </Address>
      </Addresses>
    </Publisher>
    <RootComponents>
      <RootComponent type="1" schemaName="systemuser" behavior="0" />
      <RootComponent type="1" schemaName="ya_dailyreport" behavior="0" />
      <RootComponent type="1" schemaName="ya_holiday" behavior="0" />
      <RootComponent type="1" schemaName="ya_monthlyreport" behavior="0" />
      <RootComponent type="9" schemaName="ya_dayofweek" behavior="0" />
      <RootComponent type="62" schemaName="ya_Iwamori" behavior="0" />
      <RootComponent type="80" schemaName="ya_Iwamori" behavior="0" />
    </RootComponents>
    <MissingDependencies>
      <MissingDependency>
        <Required type="1" schemaName="appusersetting" displayName="モデル駆動型アプリ ユーザー設定" solution="AppModule (9.1.22034.220322001)" />
        <Dependent type="1" schemaName="systemuser" displayName="ユーザー " />
      </MissingDependency>
      <MissingDependency>
        <Required type="1" schemaName="bot" displayName="チャットボット" solution="PowerVirtualAgents (2.0.0.232)" />
        <Dependent type="1" schemaName="systemuser" displayName="ユーザー " />
      </MissingDependency>
      <MissingDependency>
        <Required type="1" schemaName="usermobileofflineprofilemembership" displayName="UserMobileOfflineProfileMembership" solution="MobileOfflineMembership (1.0.0.2)" />
        <Dependent type="1" schemaName="systemuser" displayName="ユーザー " />
      </MissingDependency>
      <MissingDependency>
        <Required type="61" schemaName="msdyn_/Images/AppModule_Default_Icon.png" displayName="msdyn_/Images/AppModule_Default_Icon.png" solution="AppModuleWebResources (2.5)" />
        <Dependent type="80" schemaName="ya_Iwamori" displayName="Iwamori" />
      </MissingDependency>
    </MissingDependencies>
  </SolutionManifest>
</ImportExportXml>